,channelName,date,dislikes,title,likes,Subscribers,url,Views,Keywords,id
0,Programming with Mosh,2019-02-18,4400,natural language processing,568000,1780000,https://www.youtube.com/watch?v=_uQrJ0TkZlc,18699415,natural language processing,1
1,CS Dojo,2017-12-26,2000,java tutorial beginner,149000,1670000,https://www.youtube.com/watch?v=Z1Yd7upQsXY,6722234,java tutorial beginner,2
2,TechWorld with Nana,2021-03-05,145,hadoop tutorial beginner,21000,219000,https://www.youtube.com/watch?v=t8pPdKYpowI,502252,hadoop tutorial beginner,3
3,Kevin Stratvert,2021-03-25,33,python tutorial beginner,3100,739000,https://www.youtube.com/watch?v=b093aqAZiPU,77132,python tutorial beginner,4
4,PolyMatter,2018-04-20,8600,data visualization python,97000,1390000,https://www.youtube.com/watch?v=EFwa5Owp0-k,3089955,data visualization python,5
5,Devslopes,2020-12-13,6500,style scope formatted,11000,116000,https://www.youtube.com/watch?v=sO1ctUNQ1k8,400634,style scope formatted,6
6,Kalle Hallden,2020-12-25,176,scope formatted string,17000,500000,https://www.youtube.com/watch?v=IUZTbEaDo0U,354620,scope formatted string,7
7,Afternerd,2020-08-16,72,programming language learn,3700,4360,https://www.youtube.com/watch?v=1GqMpz77XlU,115981,programming language learn,8
8,edureka!,2019-12-01,1300,azure tutorial beginner,66000,2670000,https://www.youtube.com/watch?v=WGJJIrtnfpk,3121306,azure tutorial beginner,9
9,edureka!,2019-10-22,294,tutorial beginner learn,10000,2670000,https://www.youtube.com/watch?v=WvhQhj4n6b8,398774,tutorial beginner learn,10
10,Sundeep Saradhi Kanthety,2020-10-28,307,tutorial beginner edureka,21000,280000,https://www.youtube.com/watch?v=9hVzEKZQyMU,663644,tutorial beginner edureka,11
11,Paul McWhorter,2021-02-24,12,tableau power chapter,2000,222000,https://www.youtube.com/watch?v=XCKWZAtKTnU,40216,tableau power chapter,12
12,howCode,2018-07-07,258,best programming language,15000,73200,https://www.youtube.com/watch?v=I2wURDqiXdM,346224,best programming language,13
13,Amigoscode,2020-10-12,68,learning deep learning,7000,185000,https://www.youtube.com/watch?v=LzYNWme1W6Q,197384,learning deep learning,14
14,freeCodeCamp.org,2019-05-02,664,tutorial beginner hadoop,78000,3630000,https://www.youtube.com/watch?v=8DvywoWv6fI,2497727,tutorial beginner hadoop,15
15,Programming with Mosh,2018-10-23,395,hadoop training edureka,34000,1780000,https://www.youtube.com/watch?v=Y8Tko2YC5hA,985014,hadoop training edureka,16
16,edureka!,,273,full course learn,8700,2670000,https://www.youtube.com/watch?v=woVJ4N5nl_s,482673,full course learn,17
17,freeCodeCamp.org,2020-12-09,329,span auto class,26000,3630000,https://www.youtube.com/watch?v=8ext9G7xspg,685373,span auto class,18
18,Maya Bello,2020-04-27,6,auto class style,902,7500,https://www.youtube.com/watch?v=bF_xdxYN-zw,16995,auto class style,19
19,Corey Schafer,2017-05-17,187,class style scope,14000,779000,https://www.youtube.com/watch?v=9Os0o3wzS_I,726454,class style scope,20
20,Corey Schafer,2017-05-17,197,span class simple,20000,779000,https://www.youtube.com/watch?v=YYXdXT2l-Gg,1803633,span class simple,21
21,Tech With Tim,2020-05-08,96,class simple endpoint,18000,660000,https://www.youtube.com/watch?v=sxTmJE4k0ho,405070,class simple endpoint,22
22,LoveUrCode,2021-06-04,0,simple endpoint style,35,156,https://www.youtube.com/watch?v=kzojtItDnYk,113,simple endpoint style,23
23,FATEMA VHORA,2021-06-04,0,endpoint style scope,8,291,https://www.youtube.com/watch?v=ogl-r0x4pZ8,25,endpoint style scope,24
24,DhruvTheCoder,,2,formatted string spellcheck,34,0,https://www.youtube.com/watch?v=aTiuuREV3Mo,191,formatted string spellcheck,25
25,VOID learning,2021-06-04,0,string spellcheck false,7,0,https://www.youtube.com/watch?v=FSBMiXq9ZJE,27,string spellcheck false,26
26,Saturday Developer,2021-06-04,0,spellcheck false href,6,0,https://www.youtube.com/watch?v=Qi89gU31ezQ,24,spellcheck false href,27
27,Hardik Tutorials,2021-06-04,0,false href hashtag,1,21,https://www.youtube.com/watch?v=baUg5armNfo,11,false href hashtag,28
28,Programming with Mosh,2020-09-16,413,selection machine learning,42000,1780000,https://www.youtube.com/watch?v=kqtD5dpn9C8,1470651,selection machine learning,29
29,freeCodeCamp.org,2018-07-11,6400,beginner learn python,608000,3630000,https://www.youtube.com/watch?v=rfscVS0vtbw,24478419,beginner learn python,30
30,Telusko,2019-05-04,520,tutorial beginner java,31000,1370000,https://www.youtube.com/watch?v=8cm1x4bC610,1807640,tutorial beginner java,31
31,Amigoscode,2020-09-09,219,tableau training beginner,15000,185000,https://www.youtube.com/watch?v=Qgl81fPcLc8,441270,tableau training beginner,32
32,edureka!,2019-06-23,831,feature selection machine,38000,2670000,https://www.youtube.com/watch?v=hBh_CC5y8-s,2036358,feature selection machine,33
33,Alex Lee,2019-04-18,2800,java full course,89000,190000,https://www.youtube.com/watch?v=RRubcjpTkks,1845644,java full course,34
34,blondiebytes,2019-07-09,101,full course hour,1700,64200,https://www.youtube.com/watch?v=RLi1rOgTRbA,68472,full course hour,35
35,Caleb Curry,2018-11-26,191,python library data,11000,377000,https://www.youtube.com/watch?v=2dZiMBwX_5Q,588053,python library data,36
36,freeCodeCamp.org,2019-05-21,278,tableau tutorial tableau,15000,3630000,https://www.youtube.com/watch?v=GoXwIVyNvX0,808191,tableau tutorial tableau,37
37,Tech With Tim,2020-12-19,23,machine learning deep,1800,660000,https://www.youtube.com/watch?v=Yv_4RXyLjL8,53593,machine learning deep,38
38,freeCodeCamp.org,2018-08-08,898,microsoft azure tutorial,42000,3630000,https://www.youtube.com/watch?v=grEKMHGYyns,2446681,microsoft azure tutorial,39
39,TechLead,2018-06-09,3300,tutorial feature selection,89000,1060000,https://www.youtube.com/watch?v=R2pIutTspQA,2925656,tutorial feature selection,40
40,Flipside,2021-03-15,16,beginner full course,589,8210,https://www.youtube.com/watch?v=tGYPo3ANxB4,15830,beginner full course,41
41,Aaron Jack,2019-12-09,953,learn python hour,36000,234000,https://www.youtube.com/watch?v=c-I5S_zTwAc,856193,learn python hour,42
42,SalC1,2020-09-01,1900,python full course,47000,608000,https://www.youtube.com/watch?v=7TBhMCTRIkI,830432,python full course,43
43,Bro Code,2020-11-09,161,full course beginner,42000,93100,https://www.youtube.com/watch?v=xk4_1vDrzzo,636862,full course beginner,44
44,Simplilearn,,38,library data science,2200,1090000,https://www.youtube.com/watch?v=CFD9EFcNZTQ,89251,library data science,45
45,Duckademy IT courses,2015-12-14,300,tableau full course,7700,26700,https://www.youtube.com/watch?v=JPOzWljLYuU,860542,tableau full course,46
46,Sundeep Saradhi Kanthety,2021-04-15,18,tableau tutorial beginner,1200,280000,https://www.youtube.com/watch?v=ZFnRvpxpnOc,36122,tableau tutorial beginner,47
47,Geek's Lesson,2020-06-07,22,interview question answer,1400,410000,https://www.youtube.com/watch?v=S0V20PHPR4M,56201,interview question answer,48
48,Bro Code,2019-12-30,3,data analysis python,438,93100,https://www.youtube.com/watch?v=A3jE0GHpRis,12789,data analysis python,49
49,edureka!,2017-03-15,184,hadoop tutorial hadoop,4900,2670000,https://www.youtube.com/watch?v=aqHhpahguVY,565072,hadoop tutorial hadoop,50
50,Programming with Mosh,2019-07-15,1300,hadoop hadoop tutorial,118000,1780000,https://www.youtube.com/watch?v=eIrMbAQSU34,4340392,hadoop hadoop tutorial,51
51,Math and Science,2016-08-19,7,tutorial hadoop training,809,730000,https://www.youtube.com/watch?v=ejI4iHiumrg,75719,tutorial hadoop training,52
52,Manocha Academy,,51,tutorial beginner microsoft,1400,505000,https://www.youtube.com/watch?v=Qow6HcWCRAs,20086,tutorial beginner microsoft,53
53,Dr. Tu Academy,,0,beginner microsoft azure,1,5,https://www.youtube.com/watch?v=n8BB_zqr_z8,2,beginner microsoft azure,54
54,Makhan AutomationHUB,2021-06-04,0,tutorial beginner azure,0,28,https://www.youtube.com/watch?v=WSMsjOXNbnA,1,tutorial beginner azure,55
55,Knowledge Gainer,2021-06-04,0,machine learning feature,0,0,https://www.youtube.com/watch?v=rMNE6ds9Kkc,21,machine learning feature,56
56,Makhan AutomationHUB,2021-06-04,0,learning feature selection,0,28,https://www.youtube.com/watch?v=wtgnWiffSaw,0,learning feature selection,57
57,IT Peshawar,2021-06-04,0,machine learning python,0,0,https://www.youtube.com/watch?v=Wxitlq_IZRI,0,machine learning python,58
58,Programmers World,2021-06-04,0,machine learning tutorial,4,159,https://www.youtube.com/watch?v=rCY3lX4Z8Ck,10,machine learning tutorial,59
59,MQ Tech Guru,2021-06-03,0,part feature selection,0,0,https://www.youtube.com/watch?v=jTSZzamVLww,3,part feature selection,60
60,freeCodeCamp.org,2018-08-24,1900,tutorial absolute beginner,146000,3630000,https://www.youtube.com/watch?v=vLnPwxZdW4Y,6109885,tutorial absolute beginner,61
61,CodeBeauty,2021-01-11,300,tutorial beginner full,25000,66000,https://www.youtube.com/watch?v=GQp1zzTwrIg,540346,tutorial beginner full,62
62,Caleb Curry,2019-01-11,161,full course java,7200,377000,https://www.youtube.com/watch?v=OTroAxvRNbw,342046,full course java,63
63,Traversy Media,2020-08-12,228,course java tutorial,8200,1540000,https://www.youtube.com/watch?v=1v_4dL8l8pQ,235533,course java tutorial,64
64,CodeBeauty,2020-03-28,67,java programming tutorial,3600,66000,https://www.youtube.com/watch?v=iBG0fN8lY8Y,135187,java programming tutorial,65
65,Jacob Sorber,2021-02-02,50,best python library,761,49600,https://www.youtube.com/watch?v=KGFOLJiIo1g,17317,best python library,66
66,Tech With Tim,2021-03-06,20,programming language best,2300,660000,https://www.youtube.com/watch?v=lPd13fsU-CQ,47768,programming language best,67
67,edureka!,2019-12-05,138,language best programming,4200,2670000,https://www.youtube.com/watch?v=BClS40yzssA,240320,language best programming,68
68,Derek Banas,2019-10-29,92,popular programming language,4900,1120000,https://www.youtube.com/watch?v=6y0bp-mnYU0,189984,popular programming language,69
69,Stefan Mischook,2021-03-03,309,tutorial beginner intellipaat,5400,188000,https://www.youtube.com/watch?v=hF0l2M-oD04,143042,tutorial beginner intellipaat,70
70,TechLead,2018-06-09,3300,visualization python matplotlib,89000,1060000,https://www.youtube.com/watch?v=R2pIutTspQA,2925512,visualization python matplotlib,71
71,Clément Mihailescu,2019-12-22,1200,become data analyst,54000,332000,https://www.youtube.com/watch?v=3NndCfFQNHA,759214,become data analyst,72
72,Nitrogen,2021-03-09,28,formatted string span,618,18300,https://www.youtube.com/watch?v=ueOqcwlFfMc,16076,formatted string span,73
73,Caleb Curry,2019-07-24,451,string span class,37000,377000,https://www.youtube.com/watch?v=_bYFu9mBnr4,1356706,string span class,74
74,Mike Dane,2017-12-05,46,chapter deep learning,2200,185000,https://www.youtube.com/watch?v=raZSmcariyU,80841,chapter deep learning,75
75,The Cherno,2020-09-23,156,deep learning full,12000,377000,https://www.youtube.com/watch?v=_zQqN5OYCCM,250366,deep learning full,76
76,thenewboston,2008-08-02,82,learning full course,2200,2550000,https://www.youtube.com/watch?v=16yji8At2UI,346463,learning full course,77
77,Yes Tech Media,2021-01-08,9,deep learning tutorial,613,8460,https://www.youtube.com/watch?v=iOfUlcUy0as,16832,deep learning tutorial,78
78,Avery Makes Games,2020-05-08,36,introduction deep learning,448,1960,https://www.youtube.com/watch?v=96hZpsP0bbE,16614,introduction deep learning,79
79,CodeWithHarry,2020-09-23,47,deep learning deep,2500,1410000,https://www.youtube.com/watch?v=wKDvMcJiEPM,55825,deep learning deep,80
80,Technology Channel,2020-01-03,29,machine learning foundation,1500,122000,https://www.youtube.com/watch?v=iD41e2PyzZ0,46407,machine learning foundation,81
81,freeCodeCamp.org,2019-12-09,293,introduction hadoop hadoop,14000,3630000,https://www.youtube.com/watch?v=LsNW4FPHuZE,458122,introduction hadoop hadoop,82
82,Extern Code,2017-02-20,1200,beginner hadoop tutorial,66000,77200,https://www.youtube.com/watch?v=mUQZ1qmKlLY,2982880,beginner hadoop tutorial,83
83,Enjoy Learning Programming,2021-06-04,0,data hadoop tutorial,3,175,https://www.youtube.com/watch?v=Xij2LSi8UPc,20,data hadoop tutorial,84
84,ARYAN CODING,2021-06-03,0,apache hadoop tutorial,2,0,https://www.youtube.com/watch?v=0iEH3GW6wMk,44,apache hadoop tutorial,85
85,Technical Malik81,2021-06-04,0,tutorial hadoop tutorial,1,10,https://www.youtube.com/watch?v=DXotvRQ1WW8,8,tutorial hadoop tutorial,86
86,Techify shreyansh,2021-06-03,0,hadoop tutorial simplilearn,0,4,https://www.youtube.com/watch?v=X_KIxGDexXQ,2,hadoop tutorial simplilearn,87
87,kjdElectronics,2011-02-01,300,yarn architecture hadoop,3100,59800,https://www.youtube.com/watch?v=ki3B8a-jLrE,798363,yarn architecture hadoop,88
88,Great Learning,2020-05-29,350,microsoft azure training,18000,401000,https://www.youtube.com/watch?v=Umm1ZQ5ltZw,632182,microsoft azure training,89
89,Kite,2020-08-27,38,azure training simplilearn,2800,31500,https://www.youtube.com/watch?v=-29x_deQQus,76355,azure training simplilearn,90
90,Corey Schafer,2017-05-17,93,microsoft azure fundamental,11000,779000,https://www.youtube.com/watch?v=CqvZ3vGoGs0,512482,microsoft azure fundamental,91
91,edureka!,,29,tutorial azure tutorial,953,2670000,https://www.youtube.com/watch?v=dVr7r7QgLrk,56944,tutorial azure tutorial,92
92,Python Programmer,2019-01-17,1200,azure active directory,14000,263000,https://www.youtube.com/watch?v=xECXZ3tyONo,461388,azure active directory,93
93,Apeer_micro,2020-04-14,0,feature selection technique,85,2910,https://www.youtube.com/watch?v=9-8zou4tbQo,4060,feature selection technique,94
94,Telusko,2018-08-11,152,feature selection feature,8200,1370000,https://www.youtube.com/watch?v=1RuMJ53CKds,331471,feature selection feature,95
95,InterviewGIG,2019-08-01,31,python tutorial python,192,0,https://www.youtube.com/watch?v=EYmz5ymhqAk,12512,python tutorial python,96
96,Tech With Tim,2020-03-17,335,python tutorial absolute,19000,660000,https://www.youtube.com/watch?v=Vi9Y9AL13Rc,579304,python tutorial absolute,97
97,Jack of Some,2020-03-20,17,beginner python tutorial,2400,23000,https://www.youtube.com/watch?v=eILeIEE3C8c,57682,beginner python tutorial,98
98,Sundeep Saradhi Kanthety,2020-06-22,6,python tutorial edureka,306,280000,https://www.youtube.com/watch?v=Dpnf8goamGY,9694,python tutorial edureka,99
99,I know python,2020-06-17,5,learn python full,176,29600,https://www.youtube.com/watch?v=e7MsoJsO0WY,4784,learn python full,100
100,Simplilearn,,4,python python tutorial,421,1090000,https://www.youtube.com/watch?v=Ee8dDnwq374,10181,python python tutorial,101
101,NeuralNine,2021-06-04,1,learn java minute,92,82800,https://www.youtube.com/watch?v=eDkCGqkaCeU,631,learn java minute,102
102,Kalle Hallden,2019-08-16,1400,programming tutorial introduction,34000,500000,https://www.youtube.com/watch?v=qbW6FRbaSl0,1232201,programming tutorial introduction,103
103,Tech With Tim,2020-08-24,208,learn code quickly,25000,660000,https://www.youtube.com/watch?v=p15xzjzR9j0,447133,learn code quickly,104
104,Programming with Mosh,2020-09-16,412,code quickly easily,42000,1770000,https://www.youtube.com/watch?v=kqtD5dpn9C8,1470280,code quickly easily,105
105,The Net Ninja,2017-07-10,29,beginner java full,864,720000,https://www.youtube.com/watch?v=f26nAmfJggw,76111,beginner java full,106
106,edureka!,,56,tutorial complete beginner,917,2670000,https://www.youtube.com/watch?v=7GXaobCrBb4,54160,tutorial complete beginner,107
107,Simplilearn,2018-08-07,27,tutorial beginner makhan,538,1090000,https://www.youtube.com/watch?v=8OixQrWRiXo,31601,tutorial beginner makhan,108
108,edureka!,2019-08-12,11,beginner makhan automationhub,601,2670000,https://www.youtube.com/watch?v=LepMvJdr2-w,22915,beginner makhan automationhub,109
109,Jakub Bielan,2020-05-02,5,java java tutorial,129,1310,https://www.youtube.com/watch?v=FFEVAZhT7iw,2926,java java tutorial,110
110,DFIR.Science,2020-06-29,1,crash course beginner,20,14700,https://www.youtube.com/watch?v=su5kxR57zxw,660,crash course beginner,111
111,CBT Nuggets,2020-10-27,4,python library explained,233,246000,https://www.youtube.com/watch?v=x0yD5pEZ_-g,6702,python library explained,112
112,Codemy.com,2019-04-15,6,python library python,168,64700,https://www.youtube.com/watch?v=5SGqHlQTxLA,6149,python library python,113
113,Python Programmer,2020-10-14,20,learn numpy minute,712,263000,https://www.youtube.com/watch?v=ITC5TGeCTOE,13816,learn numpy minute,114
114,CodingEntrepreneurs,2016-08-30,18,numpy minute best,479,177000,https://www.youtube.com/watch?v=CDTqG_3TLFE,21071,numpy minute best,115
115,byte,,1,minute best python,24,6570,https://www.youtube.com/watch?v=FvPohqEfhs4,116,minute best python,116
116,Buse Yaren Tekin,2021-06-03,0,tutorial beginner module,4,232,https://www.youtube.com/watch?v=ixUUAe8apIU,44,tutorial beginner module,117
117,Unacademy Computer Science,,0,python library beginner,27,115000,https://www.youtube.com/watch?v=LTmUXydRE_w,190,python library beginner,118
118,Corey Schafer,2016-04-06,96,everything need know,11000,779000,https://www.youtube.com/watch?v=tJxcKyFMTGo,586628,everything need know,119
119,Simplilearn,2020-11-19,254,data science python,6400,1090000,https://www.youtube.com/watch?v=D7YMSt2ntWY,249928,data science python,120
120,Programming with Mosh,2020-01-13,509,science python library,22000,1770000,https://www.youtube.com/watch?v=bjFvcFjJpE0,872559,science python library,121
121,Aaron Jack,2021-01-04,136,data science machine,8100,234000,https://www.youtube.com/watch?v=mxKNH2gmdUc,214323,data science machine,122
122,TechLead,2019-12-23,654,science machine learning,12000,1060000,https://www.youtube.com/watch?v=zZ3F7Dodps8,473155,science machine learning,123
123,Clever Programmer,2019-12-13,3800,language learn without,144000,960000,https://www.youtube.com/watch?v=tCAt8eEKPDc,2003539,language learn without,124
124,Data Is Beautiful,2019-10-07,1900,learn without college,92000,1390000,https://www.youtube.com/watch?v=Og847HVwRSI,5516207,learn without college,125
125,Clever Programmer,2021-01-23,188,without college degree,5200,960000,https://www.youtube.com/watch?v=jf3GdvAFHsE,72551,without college degree,126
126,Joma Tech,2019-06-14,592,language learn edureka,30000,1200000,https://www.youtube.com/watch?v=Pb3AAfz5Yjg,852617,language learn edureka,127
127,TechLead,2020-12-03,256,language programming language,5300,1060000,https://www.youtube.com/watch?v=OYpMAFPk1f0,183714,language programming language,128
128,TechLead Show,2020-05-26,65,course learn tableau,2000,128000,https://www.youtube.com/watch?v=3jGFo9bD9Iw,49465,course learn tableau,129
129,edureka!,2019-11-22,913,learn tableau hour,30000,2670000,https://www.youtube.com/watch?v=mUxS-35qO44,1151376,learn tableau hour,130
130,Keep On Coding,2021-03-08,23,training beginner part,1900,139000,https://www.youtube.com/watch?v=ycpvT9MrEXQ,25634,training beginner part,131
131,TechLead,2019-12-26,2000,tutorial tableau full,16000,1060000,https://www.youtube.com/watch?v=LQFsEwcCO1E,501199,tutorial tableau full,132
132,PolyMatter,2018-04-20,8600,tableau explained min,96000,1390000,https://www.youtube.com/watch?v=EFwa5Owp0-k,3089880,tableau explained min,133
133,Simplilearn,2020-12-03,253,tutorial tableau training,11000,1090000,https://www.youtube.com/watch?v=W-9jIVm0-p8,424586,tutorial tableau training,134
134,Clever Programmer,2019-09-04,3100,training beginner simplilearn,12000,960000,https://www.youtube.com/watch?v=H9Ht27r7ROk,800778,training beginner simplilearn,135
135,Hitesh Choudhary,2020-12-07,171,python course python,5800,634000,https://www.youtube.com/watch?v=4H7Cp_S31Q0,132828,python course python,136
136,Clément Mihailescu,2020-07-12,170,course python tutorial,3400,332000,https://www.youtube.com/watch?v=K7-YFU5GpX4,111433,course python tutorial,137
137,edureka!,2020-12-29,306,tableau tableau tutorial,2100,2670000,https://www.youtube.com/watch?v=Bi3MHIQVgdo,243157,tableau tableau tutorial,138
138,Tech With Tim,2020-10-07,48,full course tutorial,2500,660000,https://www.youtube.com/watch?v=rd6SgAIvGjw,80404,full course tutorial,139
139,DataLover,2021-01-04,7,course tutorial beginner,98,1960,https://www.youtube.com/watch?v=M0vBoBqqjr0,6807,course tutorial beginner,140
140,Simplilearn,2021-02-23,37,data science interview,432,1090000,https://www.youtube.com/watch?v=PhsofRguB8M,58243,data science interview,141
141,Clément Mihailescu,2020-12-09,31,science interview question,1500,332000,https://www.youtube.com/watch?v=kYpxolRkaSo,29275,science interview question,142
142,Life of Luba,2021-01-11,51,learn basic minute,1300,103000,https://www.youtube.com/watch?v=sPwLuHIjFak,33139,learn basic minute,143
143,Kalle Hallden,2019-12-13,349,python data visualization,10000,500000,https://www.youtube.com/watch?v=saEkj-GPN3o,374243,python data visualization,144
144,Joma Tech,2018-08-23,146,python training edureka,4000,1200000,https://www.youtube.com/watch?v=k2RqjYCTt6k,149150,python training edureka,145
145,BlueRious Delights,2021-06-03,1,panda data visualization,36,112,https://www.youtube.com/watch?v=0313DliEkVM,171,panda data visualization,146
146,SAAR Technosoft,,0,reason become data,18,247,https://www.youtube.com/watch?v=XaXTy4H13xg,78,reason become data,147
147,Education Buzzword,,0,tool power tableau,2,0,https://www.youtube.com/watch?v=a3takH_VNwE,3,tool power tableau,148
148,ForrestKnight,2020-03-04,90,power tableau power,2800,297000,https://www.youtube.com/watch?v=7uE8g7vQ_jE,87553,power tableau power,149
149,edureka!,2019-07-21,303,power tableau difference,16000,2670000,https://www.youtube.com/watch?v=aHaOIvR00So,1146180,power tableau difference,150
150,freeCodeCamp.org,2019-01-29,95,tableau power best,5100,3630000,https://www.youtube.com/watch?v=TPMlZxRRaBQ,362237,tableau power best,151
151,Penguin Analytics,2018-09-17,171,tableau power power,7800,15200,https://www.youtube.com/watch?v=jEgVto5QME8,706604,tableau power power,152
152,Simplilearn,2018-08-20,57,power power tableau,3400,1090000,https://www.youtube.com/watch?v=fO7g0pnWaRA,387585,power power tableau,153
153,Art of Visualization,2017-10-03,45,tableau power analytics,2800,58300,https://www.youtube.com/watch?v=Nr31rv9tsJ8,276398,tableau power analytics,154
154,Great Learning,2020-01-20,78,difference tableau power,4700,401000,https://www.youtube.com/watch?v=6mBtTNggkUk,219017,difference tableau power,155
155,Tableau Tim,2020-04-18,79,comparison tableau power,5900,14400,https://www.youtube.com/watch?v=7Jl-RwkzqQ4,259604,comparison tableau power,156
156,Simplilearn,2019-09-11,25,tableau qlik sense,1800,1090000,https://www.youtube.com/watch?v=Wh4sCCZjOwo,99705,tableau qlik sense,157
157,Vizual Intelligence Inc.,2018-06-11,73,qlik sense power,3100,8310,https://www.youtube.com/watch?v=Lu0jrymqOGM,271593,qlik sense power,158
158,Academind,2019-10-02,14,power span class,200,676000,https://www.youtube.com/watch?v=N2BFXSxw5mk,13199,power span class,159
159,Intellipaat,2019-09-27,273,href hashtag tableau,4900,985000,https://www.youtube.com/watch?v=KA0QHWm0nWo,301446,href hashtag tableau,160
160,Scouching,2021-05-27,0,hashtag tableau auto,112,5610,https://www.youtube.com/watch?v=SWh3zb-ogT4,3027,hashtag tableau auto,161
161,Lenormand Reader,2021-06-04,0,tableau auto tableau,11,40300,https://www.youtube.com/watch?v=9SVqxodrecM,73,tableau auto tableau,162
162,The Career Force,2020-05-26,13,auto tableau span,684,37300,https://www.youtube.com/watch?v=w2e9kPCLIG4,24917,auto tableau span,163
163,Intellipaat,2019-08-17,2200,tableau span auto,91000,985000,https://www.youtube.com/watch?v=pJ3IPRqiD2M,3013099,tableau span auto,164
164,edureka!,,16,href hashtag powerbi,409,2670000,https://www.youtube.com/watch?v=SJeY6jBiYiE,35939,href hashtag powerbi,165
165,Intellipaat,2020-04-04,145,hashtag powerbi auto,2700,985000,https://www.youtube.com/watch?v=ttCDqyfrcEc,179050,hashtag powerbi auto,166
166,Data Embassy,2018-11-23,19,powerbi auto powerbi,648,967,https://www.youtube.com/watch?v=ZfpUzp8mBSw,70910,powerbi auto powerbi,167
167,sqlbelle,2020-09-13,0,learning tutorial edureka,170,4500,https://www.youtube.com/watch?v=aHVWPYu81JU,8350,learning tutorial edureka,168
168,Great Learning,2021-03-28,6,deep learning machine,163,401000,https://www.youtube.com/watch?v=WAXfRAI96YA,3845,deep learning machine,169
169,Intellipaat,,9,learning machine learning,266,985000,https://www.youtube.com/watch?v=5WpXJO8Wp8s,8046,learning machine learning,170
170,Jalayer Academy,2018-05-08,13,neural network architecture,421,61700,https://www.youtube.com/watch?v=fHe0jFgVPJU,69635,neural network architecture,171
171,Simplilearn,2020-10-10,6,pytorch deep learning,410,1090000,https://www.youtube.com/watch?v=xwj2p4LSD1k,28826,pytorch deep learning,172
172,.NET Interview Preparation videos,2017-04-14,92,artificial intelligence machine,1700,150000,https://www.youtube.com/watch?v=CWFxuTooxTY,195060,artificial intelligence machine,173
173,AblazeGroupBI,2020-03-20,1,intelligence machine learning,112,4100,https://www.youtube.com/watch?v=U2hdxfMFaxc,5427,intelligence machine learning,174
174,Analytics45,2021-01-17,0,machine learning model,51,41,https://www.youtube.com/watch?v=ZbYuJjGYJTM,2625,machine learning model,175
175,Data Science Tutorials,2021-06-04,0,href hashtag short,0,29300,https://www.youtube.com/watch?v=PxXRjAUbWiY,16,href hashtag short,176
176,edureka!,2018-08-22,14,hashtag short auto,545,2670000,https://www.youtube.com/watch?v=z4mLwELziNg,24582,hashtag short auto,177
177,edureka!,2016-12-07,204,short auto short,5200,2670000,https://www.youtube.com/watch?v=jj6-0cvcNEA,849327,short auto short,178
178,sqlbelle,2020-11-30,0,learning artificial intelligence,168,4500,https://www.youtube.com/watch?v=cGa7QDeueTA,4900,learning artificial intelligence,179
179,freeCodeCamp.org,2018-07-02,1500,deep learning computerphile,131000,3630000,https://www.youtube.com/watch?v=HXV3zeQKqGY,6835878,deep learning computerphile,180
180,Programming with Mosh,2019-03-19,921,hadoop full course,98000,1770000,https://www.youtube.com/watch?v=7S_tz1z_5bA,3889676,hadoop full course,181
181,Joey Blue,2017-09-13,599,course learn hadoop,25000,36700,https://www.youtube.com/watch?v=9Pzj7Aj25lw,2598267,course learn hadoop,182
182,edureka!,2019-05-26,242,hadoop introduction hadoop,13000,2670000,https://www.youtube.com/watch?v=BPHAr4QGGVE,902274,hadoop introduction hadoop,183
183,Derek Banas,2019-10-01,23,tutorial beginner data,2300,1120000,https://www.youtube.com/watch?v=XqIk2PwP0To,82999,tutorial beginner data,184
184,edureka!,2019-10-04,367,hadoop hadoop training,15000,2670000,https://www.youtube.com/watch?v=zbMHLJ0dY4w,805271,hadoop hadoop training,185
185,Intellipaat,,64,tutorial beginner simplilearn,2600,985000,https://www.youtube.com/watch?v=LGTbdjoEBVM,118378,tutorial beginner simplilearn,186
186,Socratica,2019-03-25,207,tutorial beginner introduction,12000,683000,https://www.youtube.com/watch?v=9yeOJ0ZMUYw,324670,tutorial beginner introduction,187
187,Web Dev Simplified,2018-11-17,44,course hour data,7300,554000,https://www.youtube.com/watch?v=p3qvj9hO_Bo,258657,course hour data,188
188,Simplilearn,2021-04-12,5,hadoop training hadoop,241,1090000,https://www.youtube.com/watch?v=M-55BmjOuXY,9720,hadoop training hadoop,189
189,freeCodeCamp.org,2018-08-31,625,training hadoop tutorial,29000,3630000,https://www.youtube.com/watch?v=ztHopE5Wnpc,1236684,training hadoop tutorial,190
190,Tina Huang,2020-09-04,64,hadoop tutorial intellipaat,4100,69400,https://www.youtube.com/watch?v=Td-cmLfQ7uU,118611,hadoop tutorial intellipaat,191
191,Intellipaat,2019-08-17,2200,hadoop tutorial edureka,91000,985000,https://www.youtube.com/watch?v=pJ3IPRqiD2M,3013086,hadoop tutorial edureka,192
192,freeCodeCamp.org,2021-03-11,35,architecture hadoop tutorial,8300,3630000,https://www.youtube.com/watch?v=4cWkVbC2bNE,200596,architecture hadoop tutorial,193
193,Intellipaat,2020-01-14,290,hadoop yarn tutorial,11000,985000,https://www.youtube.com/watch?v=wkOD6mbXc2M,630322,hadoop yarn tutorial,194
194,James Vance,2017-08-05,264,yarn tutorial hadoop,6100,4850,https://www.youtube.com/watch?v=bEtnYWuo2Bw,460139,yarn tutorial hadoop,195
195,techTFQ,2020-12-11,4,hadoop yarn architecture,419,845,https://www.youtube.com/watch?v=Hl4NZB1XR9c,13204,hadoop yarn architecture,196
196,Geek's Lesson,2019-08-31,125,tutorial beginner apache,3500,410000,https://www.youtube.com/watch?v=2Fn0WAyZV0E,220494,tutorial beginner apache,197
197,365 Data Science,2019-01-22,114,beginner apache hadoop,3900,182000,https://www.youtube.com/watch?v=2bW3HuaAUcY,180626,beginner apache hadoop,198
198,Socratica,2019-03-01,42,hive tutorial beginner,4400,683000,https://www.youtube.com/watch?v=YufocuHbYZo,123600,hive tutorial beginner,199
199,Amigoscode,2021-01-31,11,tutorial beginner hive,1800,185000,https://www.youtube.com/watch?v=5hzZtqCNQKk,31777,tutorial beginner hive,200
200,Vitamin Business Intelligence,2020-11-11,12,hadoop tutorial hdfs,1300,8830,https://www.youtube.com/watch?v=kbKty5ZVKMY,48365,hadoop tutorial hdfs,201
201,Danielle Thé,2019-04-16,329,hive tutorial hive,20000,37900,https://www.youtube.com/watch?v=27axs9dO7AE,826361,hive tutorial hive,202
202,Intellipaat,2019-06-14,551,azure microsoft azure,16000,985000,https://www.youtube.com/watch?v=JTDK6r1GuUU,944138,azure microsoft azure,203
203,Duckademy IT courses,2015-08-20,95,azure full course,1300,26700,https://www.youtube.com/watch?v=sHQhc5Jz6SQ,248952,azure full course,204
204,Joey Blue,2017-09-27,120,azure fundamental certification,8200,36700,https://www.youtube.com/watch?v=2HVMiPPuPIM,489666,azure fundamental certification,205
205,Intellipaat,,2,azure tutorial azure,132,985000,https://www.youtube.com/watch?v=RRSeHLdnApc,2003,azure tutorial azure,206
206,Hack7 Academy,,0,azure tutorial intellipaat,0,6,https://www.youtube.com/watch?v=fktyZ15bSPU,0,azure tutorial intellipaat,207
207,Database Star,2021-06-03,0,azure devops tutorial,2,8110,https://www.youtube.com/watch?v=rnMa6HQ1_AE,33,azure devops tutorial,208
208,IPNETERA,2021-06-03,0,devops tutorial beginner,1,40,https://www.youtube.com/watch?v=9RsbUKBXtAo,11,devops tutorial beginner,209
209,freeCodeCamp.org,2020-04-15,210,beginner azure devops,20000,3630000,https://www.youtube.com/watch?v=r-uOLxNrNk8,806718,beginner azure devops,210
210,Data Analytics.m,2021-02-18,2,azure training azure,47,415,https://www.youtube.com/watch?v=NF4WX-cDsTA,1849,azure training azure,211
211,Keith Galli,2019-06-01,17,training azure tutorial,3500,115000,https://www.youtube.com/watch?v=DAQNHzOcO5A,106098,training azure tutorial,212
212,Python Programmer,2019-01-17,1200,active directory tutorial,14000,263000,https://www.youtube.com/watch?v=xECXZ3tyONo,461403,active directory tutorial,213
213,Nicole Enesse,2021-05-27,0,azure tutorial simplilearn,50,1130,https://www.youtube.com/watch?v=yNL_f7sTNh8,883,azure tutorial simplilearn,214
214,TEKNISHA,2017-06-12,182,tutorial azure training,2800,7580,https://www.youtube.com/watch?v=_XfWkCsvbEU,390925,tutorial azure training,215
215,sentdex,2019-02-26,30,microsoft azure service,1900,1040000,https://www.youtube.com/watch?v=DamIIzp41Jg,120287,microsoft azure service,216
216,Think And Build,2020-05-20,1,azure training edureka,30,578,https://www.youtube.com/watch?v=tsZqcjXSFE4,378,azure training edureka,217
217,Coding Professor,2021-04-24,1,azure interview question,93,1440,https://www.youtube.com/watch?v=jNiQaErXg8s,1941,azure interview question,218
218,Popfizz Computer Science,2020-12-15,1,feature selection scikit,25,1210,https://www.youtube.com/watch?v=t98Luhoo-LQ,933,feature selection scikit,219
219,edureka!,2021-04-15,5,selection scikit learn,225,2670000,https://www.youtube.com/watch?v=N9dFj1ZKZFE,8808,selection scikit learn,220
220,Kostadin Ristovski,2020-05-07,0,machine learning course,33,1600,https://www.youtube.com/watch?v=uF0BAYfyqFo,1018,machine learning course,221
221,The Fullstack Ninja,2020-10-25,0,feature engineering feature,25,285,https://www.youtube.com/watch?v=x_O9seqxuhA,1203,feature engineering feature,222
222,PyData,2017-07-24,13,learning tutorial chap,359,117000,https://www.youtube.com/watch?v=KvZ2KSxlWBY,26307,learning tutorial chap,223
223,IIT Roorkee July 2018,2019-06-22,0,tutorial chap part,2,71800,https://www.youtube.com/watch?v=EK6HFPJ4Kds,843,tutorial chap part,224
224,Code With Ultimate Passion,2021-01-27,1,chap part feature,70,104,https://www.youtube.com/watch?v=08qhNuZ3ayc,399,chap part feature,225
225,Codecademy,,6,feature selection rohit,295,139000,https://www.youtube.com/watch?v=d3ToVHIXJHE,11736,feature selection rohit,226
226,Erwin Budi Setiawan,2021-06-04,0,selection rohit ghosh,0,443,https://www.youtube.com/watch?v=wsmhKqqVbhA,1,selection rohit ghosh,227
227,Think And Build,2020-05-22,19,rohit ghosh greyatom,402,578,https://www.youtube.com/watch?v=tse_8LLWtfY,20307,rohit ghosh greyatom,228
228,TECH DOSE,2019-05-20,1,introduction feature selection,22,62700,https://www.youtube.com/watch?v=f4u7Tvy6EeA,1895,introduction feature selection,229
229,CS Dojo,2018-06-11,236,feature selection drop,21000,1670000,https://www.youtube.com/watch?v=a9UrKTVEeZA,992509,feature selection drop,230
230,KGP Talkie,2019-06-07,3,recursive feature elimination,118,33200,https://www.youtube.com/watch?v=0IKz-KxDCuM,3844,recursive feature elimination,231
231,freeCodeCamp.org,2021-02-18,97,machine learning telugu,10000,3630000,https://www.youtube.com/watch?v=GPVsHOlRBBI,270470,machine learning telugu,232
232,Intellipaat,,10,telugu machine learning,294,985000,https://www.youtube.com/watch?v=_YWwU-gJI5U,13402,telugu machine learning,233
233,Charming Data,2020-05-13,48,language processing minute,8200,15600,https://www.youtube.com/watch?v=hSPmj7mK6ng,293929,language processing minute,234
234,edureka!,2017-04-19,125,tutorial beginner training,3500,2670000,https://www.youtube.com/watch?v=yZTBMMdPOww,223463,tutorial beginner training,235
235,Erik Marsja,2020-12-06,1,beginner training edureka,34,1650,https://www.youtube.com/watch?v=W_YUk8IvsqI,1464,beginner training edureka,236
236,edureka!,,107,language processing deep,1100,2670000,https://www.youtube.com/watch?v=TLdXM0A7SR8,79229,language processing deep,237
237,Alex The Analyst,2020-08-12,250,processing deep learning,6000,67700,https://www.youtube.com/watch?v=M2ySRYpo9S0,262245,processing deep learning,238
238,Avi Singh - PowerBIPro,2018-01-10,231,language processing python,2200,117000,https://www.youtube.com/watch?v=FoqSPCtj7zo,311171,language processing python,239
239,The Career Force,2020-05-19,94,neuro linguistic programming,775,37500,https://www.youtube.com/watch?v=fqgVj5HchU8,33914,neuro linguistic programming,240
240,Intellipaat,2019-10-05,103,language processing text,801,991000,https://www.youtube.com/watch?v=62tmEvrA6WE,70702,language processing text,241
241,TechnologyAdvice,2019-12-13,7,processing text mining,126,16800,https://www.youtube.com/watch?v=_2Vg4OwHR-s,20304,processing text mining,242
242,CBT Nuggets,2019-02-01,12,text mining tutorial,234,246000,https://www.youtube.com/watch?v=R-8g8rS_5_E,24921,text mining tutorial,243
243,sqlbelle,2021-01-04,0,language processing word,58,4580,https://www.youtube.com/watch?v=itvHNbIsI64,1717,language processing word,244
244,Simplilearn,2020-04-08,20,stanford deep learning,149,1100000,https://www.youtube.com/watch?v=b_ODnhv68OI,13819,stanford deep learning,245
245,Exploring Me,2020-12-01,1,deep learning winter,33,0,https://www.youtube.com/watch?v=zbG-pfGyNFc,694,deep learning winter,246
246,DTAiQ,2019-04-24,4,language processing part,90,173,https://www.youtube.com/watch?v=s7_t2-vbRh4,8596,language processing part,247
247,edureka!,2018-02-13,42,application great learning,727,2680000,https://www.youtube.com/watch?v=SiqcQM87uF4,67980,application great learning,248
248,Pavan Lalwani - POWER BI,2020-02-08,11,tutorial python beginner,459,15800,https://www.youtube.com/watch?v=QoKK7TqcG4s,11044,tutorial python beginner,249
249,MyOnlineTrainingHub,2020-11-02,57,python beginner full,5200,317000,https://www.youtube.com/watch?v=Z2t7l8b1uWU,273220,python beginner full,250
250,The Everyday Dad,2021-04-19,118,absolute beginner variable,1400,336000,https://www.youtube.com/watch?v=0QZdZXNmOAQ,43606,absolute beginner variable,251
251,Tableau Tim,2020-04-18,81,python hour full,5900,14600,https://www.youtube.com/watch?v=7Jl-RwkzqQ4,262489,python hour full,252
252,Tutorials Point (India) Ltd.,2020-02-26,43,hour full course,3400,2260000,https://www.youtube.com/watch?v=grX-r4nxEXM,191458,hour full course,253
253,Garrett Mehrguth,2019-10-10,11,python beginner tutorial,266,0,https://www.youtube.com/watch?v=xtd34u3Oc94,15009,python beginner tutorial,254
254,How to Get an Analytics Job,2020-01-23,1,long take learn,13,8980,https://www.youtube.com/watch?v=VDYMahS5sH8,1229,long take learn,255
255,Amit Chandak,2021-03-16,0,take learn python,7,1880,https://www.youtube.com/watch?v=nmBVc2fN6aU,202,take learn python,256
256,Pettaka Technologies,2020-10-16,4,course learn python,34,3920,https://www.youtube.com/watch?v=Gr866GWq4WU,3622,course learn python,257
257,Visual BI Solutions,2020-11-04,0,python hour python,2,96,https://www.youtube.com/watch?v=S6K5hewPTTw,355,python hour python,258
258,Senturus,2020-01-15,0,hour python tutorial,41,1380,https://www.youtube.com/watch?v=ylp2eZDUBD0,4376,hour python tutorial,259
259,Alex The Analyst,2021-06-01,2,python python programming,263,69100,https://www.youtube.com/watch?v=RJw-GSXXguA,4095,python python programming,260
260,Jellyman Education,2020-07-28,8,python programming beginner,9,3180,https://www.youtube.com/watch?v=wEIghXXFuNc,587,python programming beginner,261
261,Data Cubed Limited,2020-06-03,0,programming beginner python,46,33,https://www.youtube.com/watch?v=Z-EeO2_WIOw,3716,programming beginner python,262
262,Excibit Corp,2019-04-01,4,tutorial beginner hour,7,61,https://www.youtube.com/watch?v=8t295x9OH8o,1263,tutorial beginner hour,263
263,Senturus,2021-01-05,0,python tutorial introduction,1,1380,https://www.youtube.com/watch?v=yGA8pPEjVuA,63,python tutorial introduction,264
264,Luke Barousse,2021-02-25,24,tutorial introduction python,1600,51400,https://www.youtube.com/watch?v=axgNfM55dw8,58813,tutorial introduction python,265
265,Amit Chandak,2021-04-13,0,introduction python absolute,3,1880,https://www.youtube.com/watch?v=lCYAmbxzpwc,149,introduction python absolute,266
266,BI Discovery,2020-07-27,4,python absolute beginner,56,88,https://www.youtube.com/watch?v=NQhSc8Ne4gE,3279,python absolute beginner,267
267,Amit Chandak,2021-03-05,0,learn python minute,9,1880,https://www.youtube.com/watch?v=QdnOHcZqkPU,308,learn python minute,268
268,Code Avail,2019-12-17,2,python everybody full,0,39,https://www.youtube.com/watch?v=SYEebaRlVKo,949,python everybody full,269
269,Amit Chandak,2021-03-04,0,everybody full university,5,1880,https://www.youtube.com/watch?v=-zUrFykB2Ek,164,everybody full university,270
270,Tableau Experts,2020-02-23,13,full university python,36,5140,https://www.youtube.com/watch?v=QiNGATzg9yU,11558,full university python,271
271,DataSelf,2017-11-08,1,university python course,20,1530,https://www.youtube.com/watch?v=pA0Af4cgQr0,7067,university python course,272
272,Tutorial Studio,2019-07-22,17,python python popular,38,51,https://www.youtube.com/watch?v=2-uVZOC6frg,3847,python python popular,273
273,Amit Chandak,2021-04-01,0,python basic python,6,1880,https://www.youtube.com/watch?v=iVYP6Fl4FVA,178,python basic python,274
274,Data and Donuts,2020-02-06,0,basic python tutorial,10,125,https://www.youtube.com/watch?v=c65pKLqzbz0,537,basic python tutorial,275
275,DataSelf,2017-11-08,5,learn python programming,8,1530,https://www.youtube.com/watch?v=2GWJh0CSmhA,5695,learn python programming,276
276,Amit Chandak,2021-03-08,0,python programming scratch,6,1880,https://www.youtube.com/watch?v=jESlfb_D8Us,388,python programming scratch,277
277,Anubhav Oberoy,2020-08-24,4,programming scratch edureka,17,28600,https://www.youtube.com/watch?v=3dS83oizjg4,2520,programming scratch edureka,278
278,DataSelf,2017-11-08,1,beginner python project,13,1530,https://www.youtube.com/watch?v=Af1cdaSpF70,3806,beginner python project,279
279,Nurture Tech,2020-11-04,2,python project coding,10,2020,https://www.youtube.com/watch?v=o7Wl7U5Xk9w,528,python project coding,280
280,Tableau Experts,2020-10-09,16,project coding course,42,5140,https://www.youtube.com/watch?v=Evar25ao-R4,13371,project coding course,281
281,Tableau Experts,2021-03-03,20,python code along,42,5140,https://www.youtube.com/watch?v=9sfHQ_2Tiig,11159,python code along,282
282,Avi Singh - PowerBIPro,2018-06-07,2,code along python,60,117000,https://www.youtube.com/watch?v=HLRu9N2rGeo,4327,code along python,283
283,Amit Chandak,2021-02-16,0,along python tutorial,16,1880,https://www.youtube.com/watch?v=tAmg00Wf_cw,686,along python tutorial,284
284,Jonathan Ng,,13,absolute beginner learn,241,12800,https://www.youtube.com/watch?v=GD-JnuNS9gs,14521,absolute beginner learn,285
285,Amit Chandak,2021-03-15,1,beginner learn code,2,1880,https://www.youtube.com/watch?v=VSwki7gxzJc,127,beginner learn code,286
286,BI Discovery,2020-08-16,1,learn code python,7,88,https://www.youtube.com/watch?v=5rc0hG4pvIg,810,learn code python,287
287,Amit Chandak,2021-03-23,0,tutorial beginner function,6,1880,https://www.youtube.com/watch?v=URnhfAmOmtI,214,tutorial beginner function,288
288,3Blue1Brown,2017-10-05,2000,tutorial beginner install,237000,3730000,https://www.youtube.com/watch?v=aircAruvnKk,9243317,tutorial beginner install,289
289,edureka!,2019-09-08,183,beginner install setup,5600,2680000,https://www.youtube.com/watch?v=DooxDIRAkPA,295543,beginner install setup,290
290,Alexander Amini,2021-02-05,43,install setup window,6100,108000,https://www.youtube.com/watch?v=5tvmMX8r_OM,248755,install setup window,291
291,Lex Fridman,2019-01-11,374,complete python course,19000,1110000,https://www.youtube.com/watch?v=O5xeyoRL95U,1011427,complete python course,292
292,3Blue1Brown,2017-10-16,599,python course beginner,81000,3730000,https://www.youtube.com/watch?v=IHZwWFHWa-w,3663634,python course beginner,293
293,MATLAB,2017-04-04,78,tutorial beginner part,2600,322000,https://www.youtube.com/watch?v=-SgkLEuhfbg,256530,tutorial beginner part,294
294,freeCodeCamp.org,2020-06-18,127,beginner part english,9300,3650000,https://www.youtube.com/watch?v=qFJeN9V1ZsI,336613,beginner part english,295
295,Greenred Productions - Relaxing Music,2017-05-14,8000,part english loveurcode,197000,777000,https://www.youtube.com/watch?v=mg7netw1JuM,24884136,part english loveurcode,296
296,Alex The Analyst,2020-08-12,252,inheritance python object,6000,69100,https://www.youtube.com/watch?v=M2ySRYpo9S0,266480,inheritance python object,297
297,Dan Fleisch,2011-11-21,1100,python object oriented,77000,32800,https://www.youtube.com/watch?v=f5liqUk0ZTw,2504845,python object oriented,298
298,Tech Flake,2021-03-05,291,object oriented programming,6100,3490,https://www.youtube.com/watch?v=-q3d3lD0fFM,272432,object oriented programming,299
299,Steve Brunton,2019-06-06,238,oriented programming python,19000,144000,https://www.youtube.com/watch?v=oJNHXPs0XDk,520987,oriented programming python,300
300,freeCodeCamp.org,2020-04-30,123,programming python beginner,8600,3650000,https://www.youtube.com/watch?v=GIsg-ZUy0MY,332784,programming python beginner,301
301,freeCodeCamp.org,2020-10-21,54,python beginner learn,7200,3650000,https://www.youtube.com/watch?v=0oyCUWLL_fU,177518,python beginner learn,302
302,TensorFlow,2021-03-04,0,learn python live,1000,347000,https://www.youtube.com/watch?v=AhE8RhPGH1A,24928,learn python live,303
303,MATLAB,2021-04-13,2,python live basic,787,322000,https://www.youtube.com/watch?v=PqDwddEHswU,22907,python live basic,304
304,Great Learning,2020-04-06,26,live basic beginner,1000,404000,https://www.youtube.com/watch?v=JMxbypF825w,57508,live basic beginner,305
305,sentdex,2018-08-11,240,basic beginner hindi,15000,1040000,https://www.youtube.com/watch?v=wQ8BIBpya2k,923915,basic beginner hindi,306
306,Alexander Amini,2020-02-08,197,getting started python,21000,108000,https://www.youtube.com/watch?v=njKP3FqW3Sk,1039542,getting started python,307
307,Python Programmer,2021-06-08,1,started python python,517,266000,https://www.youtube.com/watch?v=R4B0XYGOxEE,3619,started python python,308
308,Simplilearn,2019-06-03,223,python tutorial part,10000,1100000,https://www.youtube.com/watch?v=6M5VXKLf4D4,604116,python tutorial part,309
309,Ivan Habernal,2021-06-08,0,tutorial part python,8,256,https://www.youtube.com/watch?v=IxJGE74wzvI,109,tutorial part python,310
310,Numenta,2021-06-07,1,part python beginner,31,11400,https://www.youtube.com/watch?v=4zfVEca3eXY,320,part python beginner,311
311,PASC DCS,,0,python beginner part,8,0,https://www.youtube.com/watch?v=TExn2hWgw8Y,265,python beginner part,312
312,Zhan Caitao,2021-06-08,0,python beginner course,2,91,https://www.youtube.com/watch?v=arnhAloIr90,9,python beginner course,313
313,freeCodeCamp.org,2020-07-30,57,beginner course intro,3700,3650000,https://www.youtube.com/watch?v=VyWAvY2CF9c,117277,beginner course intro,314
314,?????,2021-06-07,0,loop control statement,1,12,https://www.youtube.com/watch?v=b1twVBQ7k5s,2,loop control statement,315
315,???,2021-06-07,0,control statement python,3,10,https://www.youtube.com/watch?v=k2i0yW_EWks,145,control statement python,316
316,Vector Institute,2021-06-07,0,statement python python,1,1340,https://www.youtube.com/watch?v=uoYEWZY16Uc,9,statement python python,317
317,Coding Lane,2021-06-07,0,python python beginner,6,700,https://www.youtube.com/watch?v=SOI39DEHGSk,31,python python beginner,318
318,Jon Krohn,2021-06-07,0,python beginner hindi,3,2210,https://www.youtube.com/watch?v=6NlL7Bh1iYo,41,python beginner hindi,319
319,DeepLearning,2021-06-07,0,beginner hindi python,5,0,https://www.youtube.com/watch?v=NUYuKDpbu8o,41,beginner hindi python,320
320,CodeEmporium,,4,hindi python part,89,48100,https://www.youtube.com/watch?v=6Nt00oteACg,819,hindi python part,321
321,Predictor58,,0,course beginner tutorial,0,1,https://www.youtube.com/watch?v=CIbwBuKbCfQ,4,course beginner tutorial,322
322,Xavier Giro Nieto,2021-06-08,0,beginner java online,0,1,https://www.youtube.com/watch?v=xF31xl-2tNk,2,beginner java online,323
323,IGF Gruppo Italiano Frattura,2021-06-07,0,java online training,0,391,https://www.youtube.com/watch?v=rZ4eKJvNFuA,31,java online training,324
324,Packet Protocol,2021-06-07,0,online training edureka,2,145,https://www.youtube.com/watch?v=_Nww54CzJdQ,17,online training edureka,325
325,Edgar Perez,2021-06-08,0,java minute seriously,0,0,https://www.youtube.com/watch?v=viq_PqzMs8Y,9,java minute seriously,326
326,"G MAHESH, CSE, 17 Veltech, Chennai",2021-06-08,0,java minute java,2,0,https://www.youtube.com/watch?v=d_820lPz3u4,3,java minute java,327
327,Shekhar jena,2021-06-08,0,minute java tutorial,5,0,https://www.youtube.com/watch?v=-jbQUNr9XRg,17,minute java tutorial,328
328,Mukul Malviya,2021-06-08,0,tutorial introduction java,0,3,https://www.youtube.com/watch?v=EU5HHdfQIhQ,2,tutorial introduction java,329
329,edureka!,2017-05-10,109,intro java programming,2500,2680000,https://www.youtube.com/watch?v=dafuAz_CV7Q,237864,intro java programming,330
330,deeplizard,2017-12-09,293,java programming course,18000,100000,https://www.youtube.com/watch?v=YRhxdVk_sIs,679914,java programming course,331
331,Institute for Advanced Study,2019-02-22,9,programming course absolute,415,69700,https://www.youtube.com/watch?v=gG5NCkMerHU,22015,programming course absolute,332
332,Computerphile,2016-04-19,281,course absolute beginner,6000,1930000,https://www.youtube.com/watch?v=l42lr8AlrHk,394079,course absolute beginner,333
333,Computerphile,2018-06-06,61,learn java full,4700,1930000,https://www.youtube.com/watch?v=TJlAxW-2nmI,169631,learn java full,334
334,SethBling,2015-06-13,3400,java full tutorial,170000,2050000,https://www.youtube.com/watch?v=qv6UVOQ0F44,10466402,java full tutorial,335
335,3Blue1Brown,2017-11-03,373,full tutorial beginner,45000,3730000,https://www.youtube.com/watch?v=Ilg3gGewQ5U,2444736,full tutorial beginner,336
336,WIRED,2019-06-20,655,java cracked brawlhalla,20000,7820000,https://www.youtube.com/watch?v=ZJixNvx9BAc,1130187,java cracked brawlhalla,337
337,edureka!,2019-09-01,140,cracked brawlhalla highlight,8400,2680000,https://www.youtube.com/watch?v=1vbXmCrkT3Y,488482,cracked brawlhalla highlight,338
338,Simplilearn,2021-01-21,115,learn javascript minute,6400,1100000,https://www.youtube.com/watch?v=aReuLtY0YMI,213139,learn javascript minute,339
339,Great Learning,2020-02-05,28,play java edition,1200,405000,https://www.youtube.com/watch?v=JK2MdJAWEGc,73608,play java edition,340
340,Udemy Tech,2018-03-23,84,java edition minecraft,4000,171000,https://www.youtube.com/watch?v=DCaiZq3aBSc,211816,java edition minecraft,341
341,edureka!,2017-05-09,144,course hour java,4300,2680000,https://www.youtube.com/watch?v=mafw2-CVYnA,513365,course hour java,342
342,Simplilearn,2019-02-06,24,hour java programming,1200,1100000,https://www.youtube.com/watch?v=iANBytZ26MI,76679,hour java programming,343
343,edureka!,2017-04-26,64,java programming simplilearn,1700,2680000,https://www.youtube.com/watch?v=n3qnsVFNEIU,150529,java programming simplilearn,344
344,Simplilearn,2019-09-09,18,java tutorial complete,702,1100000,https://www.youtube.com/watch?v=5zJt9qAe01w,48492,java tutorial complete,345
345,Intellipaat,2019-06-20,73,complete beginner interesting,1600,991000,https://www.youtube.com/watch?v=29O3CCYOzic,108935,complete beginner interesting,346
346,edureka!,2020-02-27,80,beginner interesting example,1400,2680000,https://www.youtube.com/watch?v=g7Qpnmi0Q-s,121250,beginner interesting example,347
347,Intellipaat,2020-08-29,37,interesting example easy,275,991000,https://www.youtube.com/watch?v=xsM8Vt3C3l8,21905,interesting example easy,348
348,Rogvarok,2021-06-04,0,example easy follow,14,505,https://www.youtube.com/watch?v=_VCapgeYdXc,364,example easy follow,349
349,InfoQ,2015-02-19,63,easy follow java,2200,198000,https://www.youtube.com/watch?v=4Gfl0WuONMY,124243,easy follow java,350
350,Simplilearn,2019-12-06,19,follow java programming,610,1100000,https://www.youtube.com/watch?v=2PVzOHA3ktE,34129,follow java programming,351
351,intricity101,2017-09-20,163,core java tutorial,347,32100,https://www.youtube.com/watch?v=QngDInV2ino,53382,core java tutorial,352
352,Simplilearn,2017-10-06,15,beginner learn core,159,1100000,https://www.youtube.com/watch?v=oT7kczq5A-0,156482,beginner learn core,353
353,Simplilearn,2019-03-04,6,learn core java,298,1100000,https://www.youtube.com/watch?v=R0WygLgY2nM,18341,learn core java,354
354,edureka!,2016-12-28,42,core java hour,783,2680000,https://www.youtube.com/watch?v=x-PCNX4prLA,136888,core java hour,355
355,Simplilearn,2020-07-27,6,java hour java,133,1100000,https://www.youtube.com/watch?v=VmO0QgPCbZY,7433,java hour java,356
356,edureka!,2016-12-16,91,hour java tutorial,1200,2680000,https://www.youtube.com/watch?v=SqvAaB3vK8U,191482,hour java tutorial,357
357,Great Learning,2018-11-12,9,tutorial beginner expert,449,405000,https://www.youtube.com/watch?v=5P9T08lDXbE,30212,tutorial beginner expert,358
358,Great Online Training,2016-05-06,41,beginner expert full,273,20400,https://www.youtube.com/watch?v=Zb873fkicpM,51307,beginner expert full,359
359,Simplilearn,2017-08-25,21,expert full course,332,1100000,https://www.youtube.com/watch?v=KqaPMCMHH4g,47625,expert full course,360
360,Learning Journal,2017-02-23,17,beginner java programming,1300,48000,https://www.youtube.com/watch?v=ECxlFPy7s-k,83425,beginner java programming,361
361,Learning Journal,2017-04-20,23,programming tutorial java,547,48000,https://www.youtube.com/watch?v=DMHf_xiSSgA,47804,programming tutorial java,362
362,edureka!,2018-01-11,89,tutorial java basic,188,2680000,https://www.youtube.com/watch?v=2poZMI7it74,40775,tutorial java basic,363
363,InfoQ,2012-10-31,68,java basic java,2400,198000,https://www.youtube.com/watch?v=ziqx2hJY8Hg,357640,java basic java,364
364,Simplilearn,2019-07-09,5,basic java training,126,1100000,https://www.youtube.com/watch?v=M0WMwaYmNNs,10126,basic java training,365
365,Durga Software Solutions,2014-03-29,577,java training edureka,6500,576000,https://www.youtube.com/watch?v=Pq3OyQO-l3E,1282085,java training edureka,366
366,Learning Journal,2017-07-25,11,tutorial introduction method,419,48000,https://www.youtube.com/watch?v=T8a2QgmWyVU,36282,tutorial introduction method,367
367,edureka!,2020-01-29,21,tutorial beginner collection,133,2680000,https://www.youtube.com/watch?v=dEBnh8erPO8,11032,tutorial beginner collection,368
368,edureka!,2018-09-12,28,multiple inheritance java,852,2680000,https://www.youtube.com/watch?v=YirUQhskJ3o,105918,multiple inheritance java,369
369,edureka!,2020-03-06,26,inheritance java hindi,349,2680000,https://www.youtube.com/watch?v=S0i4NX1vlCU,24256,inheritance java hindi,370
370,Great Learning,2020-09-13,4,java hindi java,678,405000,https://www.youtube.com/watch?v=OP8BsGnqi9c,28107,java hindi java,371
371,Hue Videos,2019-11-19,1,hindi java tutorial,31,186,https://www.youtube.com/watch?v=VYJfM4AQyvo,7537,hindi java tutorial,372
372,edureka!,2017-04-25,347,java tutorial hindi,7700,2680000,https://www.youtube.com/watch?v=zez2Tv-bcXY,1087050,java tutorial hindi,373
373,Learning Journal,2017-03-23,14,beginner java part,584,48000,https://www.youtube.com/watch?v=QSzJSPtmsO8,45973,beginner java part,374
374,Learning Journal,2017-03-16,5,exception handling java,337,48000,https://www.youtube.com/watch?v=HMd2CPD-bbI,27118,exception handling java,375
375,intricity101,2012-07-14,198,handling java java,3600,32100,https://www.youtube.com/watch?v=9s-vSeWej1U,742263,handling java java,376
376,Learning Journal,2017-01-31,7,tutorial beginner tamil,304,48000,https://www.youtube.com/watch?v=KZwb-QTmxks,52279,tutorial beginner tamil,377
377,Simplilearn,2019-04-03,28,variable java java,599,1100000,https://www.youtube.com/watch?v=rr17cbPGWGA,55869,variable java java,378
378,edureka!,2020-03-09,18,beginner java hindi,153,2680000,https://www.youtube.com/watch?v=ReuAc4WIxfg,11246,beginner java hindi,379
379,Intellipaat,2019-09-02,30,java hindi urdu,832,991000,https://www.youtube.com/watch?v=nVI4xEH7yU8,54211,java hindi urdu,380
380,edureka!,2015-11-07,115,course beginner learn,347,2680000,https://www.youtube.com/watch?v=BiRXCLKLxrc,105772,course beginner learn,381
381,Learning Journal,2017-02-16,8,beginner learn hour,484,48000,https://www.youtube.com/watch?v=JMymdoUEjAc,35963,beginner learn hour,382
382,edureka!,2018-10-12,29,programming tutorial intro,708,2680000,https://www.youtube.com/watch?v=r1NLCComQ9Q,51090,programming tutorial intro,383
383,Intellipaat,2018-04-24,10,beginner first program,96,991000,https://www.youtube.com/watch?v=rdegSAMzXhY,13610,beginner first program,384
384,Simplilearn,2019-04-22,6,first program hello,158,1100000,https://www.youtube.com/watch?v=fCoivEBDmYA,12695,first program hello,385
385,edureka!,2018-10-15,31,program hello world,338,2680000,https://www.youtube.com/watch?v=fUesPFJ6FfE,26666,program hello world,386
386,Learning Journal,2017-02-09,4,hello world visual,296,48000,https://www.youtube.com/watch?v=37eRlmos1jQ,28927,hello world visual,387
387,Simplilearn,2018-10-25,479,world visual studio,11000,1100000,https://www.youtube.com/watch?v=3Arj5zlUPG4,962007,world visual studio,388
388,edureka!,2019-11-10,412,visual studio programming,15000,2680000,https://www.youtube.com/watch?v=tDuruX7XSac,1152234,visual studio programming,389
389,freeCodeCamp.org,2020-06-17,280,studio programming tutorial,20000,3650000,https://www.youtube.com/watch?v=NKEFWyqJ5XA,1375810,studio programming tutorial,390
390,Udemy Tech,2018-03-04,128,learn compile code,4500,171000,https://www.youtube.com/watch?v=3gnLwSI4d9E,420363,learn compile code,391
391,Questpond,2017-11-21,303,beginner learn programming,7700,100000,https://www.youtube.com/watch?v=wdUK7bCMXqs,757300,beginner learn programming,392
392,Adam Marczak - Azure for Everyone,2019-07-29,19,learn programming language,1700,60300,https://www.youtube.com/watch?v=4BwyqmRTrx8,105017,learn programming language,393
393,Intellipaat,2020-08-01,17,programming language introduction,756,991000,https://www.youtube.com/watch?v=TQl9sN3qs3M,39400,programming language introduction,394
394,Yatharth Kapoor,2020-11-04,22,language introduction edureka,684,2850,https://www.youtube.com/watch?v=axT_hiyh6OI,28829,language introduction edureka,395
395,Wall Street Journal,2015-09-30,2300,experienced developer tell,82000,2990000,https://www.youtube.com/watch?v=kexuG-YcQFA,5543862,experienced developer tell,396
396,Intellipaat,,15,developer tell truth,450,991000,https://www.youtube.com/watch?v=0WlDQakFAwE,21591,developer tell truth,397
397,Simplilearn,2020-09-27,3,thing wish knew,91,1100000,https://www.youtube.com/watch?v=IiDIn3Ahg-U,5017,thing wish knew,398
398,kudvenkat,2020-10-28,1,wish knew starting,1000,656000,https://www.youtube.com/watch?v=-5NzEDnYMck,53751,wish knew starting,399
399,Microsoft Azure,2018-06-18,92,knew starting programming,3800,205000,https://www.youtube.com/watch?v=KXkBZCe699A,481286,knew starting programming,400
400,IAmTimCorey,2019-12-09,41,programming tutorial series,1600,238000,https://www.youtube.com/watch?v=zIfxkub7CLY,97329,programming tutorial series,401
401,Paddy Maddy,2021-03-08,9,tutorial series hour,518,3500,https://www.youtube.com/watch?v=No_Q4IzBosg,19293,tutorial series hour,402
402,Simplilearn,2018-12-06,39,tutorial basic syntax,852,1100000,https://www.youtube.com/watch?v=AtAb_8Av4iU,66374,tutorial basic syntax,403
403,Simplilearn,2020-11-20,2,basic syntax function,221,1100000,https://www.youtube.com/watch?v=M4_tHfW-cCg,9693,basic syntax function,404
404,Simplilearn,2018-12-18,74,programming malayalam tutorial,1100,1100000,https://www.youtube.com/watch?v=oXK2kQOV5Yk,122184,programming malayalam tutorial,405
405,Simplilearn,2020-03-09,90,malayalam tutorial complete,944,1100000,https://www.youtube.com/watch?v=QOv_-xBXkpo,103459,malayalam tutorial complete,406
406,JanBask Training,2020-11-25,2,vector tutorial beginner,96,1230,https://www.youtube.com/watch?v=029e90zftz0,5412,vector tutorial beginner,407
407,Azure DevOps,2021-06-08,0,programming complete tutorial,5,26500,https://www.youtube.com/watch?v=daOE9aec7T4,85,programming complete tutorial,408
408,KnowledgeIndia AWS Azure Tutorials,2018-05-17,36,complete tutorial nepali,1000,57500,https://www.youtube.com/watch?v=62ju_iFXoHE,59364,complete tutorial nepali,409
409,KnowledgeIndia AWS Azure Tutorials,2017-04-19,54,learn unreal engine,1100,57500,https://www.youtube.com/watch?v=mt32JEAxrA4,117772,learn unreal engine,410
410,KnowledgeIndia AWS Azure Tutorials,2016-12-10,188,unreal engine full,4200,57500,https://www.youtube.com/watch?v=tD9vDv0uyI8,350534,unreal engine full,411
411,KnowledgeIndia AWS Azure Tutorials,2019-07-13,26,engine full course,1000,57500,https://www.youtube.com/watch?v=oyWOkGPgaM0,63319,engine full course,412
412,KnowledgeIndia AWS Azure Tutorials,2018-02-17,62,tutorial basic advance,1200,57500,https://www.youtube.com/watch?v=NsF-fkNevFQ,72137,tutorial basic advance,413
413,Simplilearn,2020-12-31,0,practice nested print,93,1100000,https://www.youtube.com/watch?v=9kcyEiTkC2E,4685,practice nested print,414
414,Frank Boucher,2019-01-09,7,nested print star,157,9580,https://www.youtube.com/watch?v=ZLykOu4EXYE,11553,nested print star,415
415,Adam Marczak - Azure for Everyone,2019-10-29,29,print star series,2200,60300,https://www.youtube.com/watch?v=BgvEOkcR0Wk,108300,print star series,416
416,edureka!,,14,star series course,181,2680000,https://www.youtube.com/watch?v=38hguxPL_vg,8466,star series course,417
417,Simplilearn,2019-01-22,67,series course beginner,1900,1100000,https://www.youtube.com/watch?v=_Pyityj08vU,137147,series course beginner,418
418,BestDotNetTraining,2021-05-04,4,number program beginner,554,83500,https://www.youtube.com/watch?v=lm0sdkylqvs,18295,number program beginner,419
419,Adam Marczak - Azure for Everyone,2020-05-12,4,program beginner hindi,759,60300,https://www.youtube.com/watch?v=Dc3P27BsK3E,37667,program beginner hindi,420
420,Adam Marczak - Azure for Everyone,2019-09-16,14,operator tutorial beginner,891,60300,https://www.youtube.com/watch?v=jAWLQFi4USk,39966,operator tutorial beginner,421
421,Adam Marczak - Azure for Everyone,2020-01-28,1,tutorial beginner technical,537,60300,https://www.youtube.com/watch?v=HSL1poL1VR0,24853,tutorial beginner technical,422
422,Adam Marczak - Azure for Everyone,2020-02-18,12,beginner technical malik,1600,60300,https://www.youtube.com/watch?v=Ge_Sp-1lWZ4,63781,beginner technical malik,423
423,Intellipaat,,3,friend function complete,351,991000,https://www.youtube.com/watch?v=4M2nBts2M1g,10224,friend function complete,424
424,KnowOps,2020-01-09,7,function complete tutorial,1200,5930,https://www.youtube.com/watch?v=oMNfDAm9FVs,21348,function complete tutorial,425
425,Adam Marczak - Azure for Everyone,2019-11-05,3,complete tutorial beginner,1300,60300,https://www.youtube.com/watch?v=AUpMCRggjIM,68607,complete tutorial beginner,426
426,BestDotNetTraining,2020-10-26,16,tutorial beginner complete,1200,83500,https://www.youtube.com/watch?v=izQFZ9ZJdsM,68829,tutorial beginner complete,427
427,edureka!,2017-05-12,271,beginner complete course,3000,2680000,https://www.youtube.com/watch?v=0bPJPiX89K0,630006,beginner complete course,428
428,sravan azure,2020-09-19,16,beginner tutorial absolute,642,2330,https://www.youtube.com/watch?v=cyVmHZ4CnYI,29314,beginner tutorial absolute,429
429,Will Brock,2020-05-24,5,tutorial beginner hindi,37,3620,https://www.youtube.com/watch?v=OPGrdzbUpcc,4867,tutorial beginner hindi,430
430,Wahl Network,2020-10-13,0,beginner hindi programming,137,5690,https://www.youtube.com/watch?v=gyZdCzdkSY4,2814,beginner hindi programming,431
431,Microsoft Visual Studio,2019-09-25,2,hindi programming full,191,269000,https://www.youtube.com/watch?v=Z9OdipwevSM,12007,hindi programming full,432
432,Intellipaat,2019-01-07,228,programming full course,2200,991000,https://www.youtube.com/watch?v=X-1iLMbu_mw,187723,programming full course,433
433,Intellipaat,2020-01-04,246,full course great,5400,991000,https://www.youtube.com/watch?v=0bNFkI_0jhc,367899,full course great,434
434,edureka!,,193,course great learning,3500,2680000,https://www.youtube.com/watch?v=MOZMw5_fBFA,368625,course great learning,435
435,One Proud Bavarian,2021-06-08,2,library explained minute,432,53000,https://www.youtube.com/watch?v=2HsjJU3qh8k,3456,library explained minute,436
436,Adam Marczak - Azure for Everyone,2020-06-23,31,tutorial beginner import,2700,60300,https://www.youtube.com/watch?v=Ma7VAQE7ga4,139094,tutorial beginner import,437
437,Data School,2018-11-13,45,beginner import module,3200,174000,https://www.youtube.com/watch?v=YaKMeAlHgqQ,105982,beginner import module,438
438,Krish Naik,2019-06-11,39,import module exploring,2400,374000,https://www.youtube.com/watch?v=EqLBAmtKMnQ,98769,import module exploring,439
439,PhD and Productivity,2020-05-21,9,module exploring standard,478,12200,https://www.youtube.com/watch?v=iJ5c-XoHPFo,14918,module exploring standard,440
440,GeostatsGuy Lectures,2019-08-20,0,exploring standard library,47,10400,https://www.youtube.com/watch?v=5Q0gemu-h3Q,2383,exploring standard library,441
441,Quantopian,2018-11-20,13,library python certification,240,38700,https://www.youtube.com/watch?v=YNgP05M_HVc,17526,library python certification,442
442,Machine Learning- Sudeshna Sarkar,2016-07-27,30,python certification training,552,23400,https://www.youtube.com/watch?v=KTzXVnRlnw4,79301,python certification training,443
443,Data Talks,2017-06-25,40,certification training data,357,10300,https://www.youtube.com/watch?v=wjKvyk8xStg,39093,certification training data,444
444,Krish Naik,2021-01-26,5,training data science,281,374000,https://www.youtube.com/watch?v=81JSbXZ26Ls,10757,training data science,445
445,5 Minutes Engineering,2019-03-08,35,data science edureka,3200,217000,https://www.youtube.com/watch?v=vZDDmULsCUU,107049,data science edureka,446
446,Learn with Whiteboard,2020-05-16,160,tutorial library python,4800,9190,https://www.youtube.com/watch?v=yN7ypxC7838,160445,tutorial library python,447
447,HobbyView,2021-05-31,0,library beginner python,89,22700,https://www.youtube.com/watch?v=32n1vBOkK6o,886,library beginner python,448
448,Project Life Mastery,2021-06-08,2,useful python module,77,1170000,https://www.youtube.com/watch?v=TpFX4xummLY,790,useful python module,449
449,botvidsson,2021-06-02,0,five amazing python,208,42400,https://www.youtube.com/watch?v=H3deq69WSas,2552,five amazing python,450
450,Cognitive Class,2017-04-21,34,amazing python library,573,53300,https://www.youtube.com/watch?v=AU_hBML2H1c,63086,amazing python library,451
451,Jonathan Perry,2020-08-22,3,library python programming,86,193,https://www.youtube.com/watch?v=IhSWvwmpwTU,4215,library python programming,452
452,DPhi,,2,python video series,100,5670,https://www.youtube.com/watch?v=t4mTeqZ8YZk,3551,python video series,453
453,Normalized Nerd,2019-10-04,4,video series beginner,61,13900,https://www.youtube.com/watch?v=Erp0bjEPoM8,2283,video series beginner,454
454,Udacity,2015-02-23,18,series beginner video,147,487000,https://www.youtube.com/watch?v=8CpRLplmdqE,37276,series beginner video,455
455,Mansoor Alam,2019-03-21,4,beginner video module,108,884,https://www.youtube.com/watch?v=BCuIq206lrA,8811,beginner video module,456
456,Krish Naik,,9,video module package,718,374000,https://www.youtube.com/watch?v=k-EpAMjw6AE,19733,video module package,457
457,Simplilearn,2020-11-25,8,module package library,130,1100000,https://www.youtube.com/watch?v=5bHpPQ6_OU4,7681,module package library,458
458,codebasics,2020-05-25,13,package library python,645,319000,https://www.youtube.com/watch?v=pYVScuY-GPk,32100,package library python,459
459,Analytics University,2018-05-21,13,data science full,93,57500,https://www.youtube.com/watch?v=uE1HhCPusMQ,11632,data science full,460
460,GreyAtom EduTech,2019-06-28,0,science full course,30,0,https://www.youtube.com/watch?v=AOe8fAyR8mM,2351,science full course,461
461,Dr. Bharatendra Rai,2018-08-18,4,full course python,597,33100,https://www.youtube.com/watch?v=VEBax2WMbEA,24139,full course python,462
462,Andreas Mueller,2019-03-06,0,course python library,56,8100,https://www.youtube.com/watch?v=EQQ5YQibXOI,3793,course python library,463
463,Geoff Hulten,2021-02-06,0,library beginner simplilearn,14,1370,https://www.youtube.com/watch?v=mHrjhif2Cgw,338,library beginner simplilearn,464
464,Packt Video,2018-01-04,3,super quick python,135,73500,https://www.youtube.com/watch?v=7wK0bX8GVXo,10771,super quick python,465
465,KGP Talkie,2019-08-16,7,quick python automation,220,33300,https://www.youtube.com/watch?v=kA4mD3y4aqA,13010,quick python automation,466
466,Ranjan Sharma,2020-06-15,2,python automation idea,37,3470,https://www.youtube.com/watch?v=sbFyNaL4dBA,897,python automation idea,467
467,KGP Talkie,2019-08-23,2,mastering python everything,85,33300,https://www.youtube.com/watch?v=PWZLhr3FfIM,6674,mastering python everything,468
468,KGP Talkie,2019-08-20,6,python everything need,129,33300,https://www.youtube.com/watch?v=m0fs0v5GGlg,7864,python everything need,469
469,Machine Learnia,2020-02-21,0,need know become,686,48000,https://www.youtube.com/watch?v=T4nZDuakYlU,23907,need know become,470
470,DataCamp,2020-03-20,0,know become python,38,115000,https://www.youtube.com/watch?v=pr5LXi4U10c,3444,know become python,471
471,Sundar Ramamurthy,,2,become python master,33,1140,https://www.youtube.com/watch?v=F6kqgeciX4o,1462,become python master,472
472,Krish Naik,2020-09-30,10,beginner module package,706,374000,https://www.youtube.com/watch?v=uMlU2JaiOd8,25337,beginner module package,473
473,Better Data Science,2020-06-24,4,python module module,116,917,https://www.youtube.com/watch?v=jXSw6em5whI,4444,python module module,474
474,Data 360 YP,2019-12-24,4,module module python,349,10100,https://www.youtube.com/watch?v=NPdn3YPkg9w,8045,module module python,475
475,GreyAtom EduTech,2019-06-28,2,module python python,4,0,https://www.youtube.com/watch?v=2niTCaIveSU,832,module python python,476
476,Anvil Analytics &amp; Insights,2020-08-10,0,library explained python,9,442,https://www.youtube.com/watch?v=jDIueG8COvY,976,library explained python,477
477,Shripad Bhat,2019-11-27,0,explained python tutorial,21,88,https://www.youtube.com/watch?v=CMi7JuLP7eI,693,explained python tutorial,478
478,Saptarsi Goswami,2020-06-16,1,python tutorial simplilearn,55,2220,https://www.youtube.com/watch?v=8SmbLFH80To,2076,python tutorial simplilearn,479
479,Krish Naik,2020-10-02,6,machine learning data,841,374000,https://www.youtube.com/watch?v=FndwYNcVe0U,24269,machine learning data,480
480,caltech,2018-05-25,0,learning data science,18,143000,https://www.youtube.com/watch?v=JA9W72UWR0c,1020,learning data science,481
481,Databricks,2017-10-26,2,python library edureka,13,45100,https://www.youtube.com/watch?v=iUNk-i5aFPY,3593,python library edureka,482
482,Krish Naik,2021-01-27,4,python library could,177,374000,https://www.youtube.com/watch?v=i-MF3CXWWEM,6286,python library could,483
483,Jp NaN,2020-12-03,1,library could missed,20,6900,https://www.youtube.com/watch?v=_6XEAXBtwLs,461,library could missed,484
484,Usama Albaghdady,2020-02-16,1,python programming import,16,53,https://www.youtube.com/watch?v=MYnxxRoPiwI,1510,python programming import,485
485,nptelhrd,2014-10-08,2,programming import library,61,1850000,https://www.youtube.com/watch?v=QwS20ytvThE,11499,programming import library,486
486,Leonardo Bezerra,,0,python library network,2,80,https://www.youtube.com/watch?v=D-SRERibbiU,39,python library network,487
487,edureka!,2018-10-15,282,library network automation,7600,2680000,https://www.youtube.com/watch?v=5ctbvkAMQO4,427861,library network automation,488
488,TensorFlow,2020-02-20,25,creating module python,3300,347000,https://www.youtube.com/watch?v=fNxaJsNG3-s,162912,creating module python,489
489,Google Developers,2020-06-24,10,essential python module,452,2170000,https://www.youtube.com/watch?v=-8XmD2zsFBI,13944,essential python module,490
490,Intellipaat,,7,python module beginner,309,991000,https://www.youtube.com/watch?v=68lIfswwG2A,7464,python module beginner,491
491,Simplilearn,2021-03-17,2,module beginner know,282,1100000,https://www.youtube.com/watch?v=CMrHM8a3hqw,9125,module beginner know,492
492,freeCodeCamp.org,2018-09-27,72,difference framework python,2000,3660000,https://www.youtube.com/watch?v=X2vAabgKiuM,136805,difference framework python,493
493,PyOhio,2018-07-29,216,framework python library,12000,13300,https://www.youtube.com/watch?v=xvqsFTUsOmc,990432,framework python library,494
494,Machine Learning TV,2018-07-18,18,python library class,789,24600,https://www.youtube.com/watch?v=nxhCyeRR75Q,55852,python library class,495
495,Unfold Data Science,2020-04-07,1,library class lecture,126,13900,https://www.youtube.com/watch?v=cs049uQWbpg,3787,library class lecture,496
496,Damon Cart,2019-05-22,191,class lecture computer,5600,56600,https://www.youtube.com/watch?v=MIl3WGKVBn4,178182,class lecture computer,497
497,Krish Naik,2019-11-26,701,lecture computer science,36000,374000,https://www.youtube.com/watch?v=k2P_pHQDlp0,1040725,lecture computer science,498
498,Bay Area NLP And Hypnosis,2015-02-05,443,computer science byte,10000,19600,https://www.youtube.com/watch?v=MQiMFs2SIFk,783078,computer science byte,499
499,Yellow Brick Cinema - Relaxing Music,2014-06-26,46000,science byte learning,899000,5390000,https://www.youtube.com/watch?v=WPni755-Krg,162761631,science byte learning,500
500,Rasa,2020-08-03,0,byte learning session,103,15800,https://www.youtube.com/watch?v=w6SQ4-2tCA4,3124,byte learning session,501
501,Machine Learning TV,2017-02-11,13,numpy series frequently,225,24600,https://www.youtube.com/watch?v=V8qrVleGY5U,24528,numpy series frequently,502
502,Simplilearn,2020-06-03,2,series frequently used,169,1100000,https://www.youtube.com/watch?v=7WfoYl-EPtI,7826,series frequently used,503
503,Machine Learning TV,2018-07-27,52,frequently used python,1400,24600,https://www.youtube.com/watch?v=wNBaNhvL4pg,85503,frequently used python,504
504,Google Cloud Tech,2019-12-17,6,used python library,501,727000,https://www.youtube.com/watch?v=UFtXy0KRxVI,17350,used python library,505
505,Coding Tech,2018-12-23,7,python library matplotlib,285,625000,https://www.youtube.com/watch?v=R9z6s0Jx2p0,15923,python library matplotlib,506
506,edureka!,2018-10-08,98,library matplotlib stack,3300,2680000,https://www.youtube.com/watch?v=05ONoGfmKvA,233251,library matplotlib stack,507
507,stanfordonline,2021-01-30,17,matplotlib stack plot,482,260000,https://www.youtube.com/watch?v=knTc-NQSjKA,20353,matplotlib stack plot,508
508,KGP Talkie,2020-05-28,26,stack plot line,215,33300,https://www.youtube.com/watch?v=h_U27jBNYI4,16957,stack plot line,509
509,Krish Naik,2020-05-02,10,plot line plot,1300,374000,https://www.youtube.com/watch?v=IKgBLTeQQL8,53347,plot line plot,510
510,Stanford University School of Engineering,2017-04-03,88,line plot data,5900,143000,https://www.youtube.com/watch?v=OQQ-W_63UgQ,693992,line plot data,511
511,Nerchuko,2021-06-08,0,plot data science,4,732,https://www.youtube.com/watch?v=MZTT9lBECqQ,30,plot data science,512
512,Eduonix Learning Solutions,2018-07-18,9,python tutorial module,576,96600,https://www.youtube.com/watch?v=G4UVJoGFAv0,33784,python tutorial module,513
513,edureka!,,7,tutorial module underlying,239,2680000,https://www.youtube.com/watch?v=wCXOi_k3kyY,9585,tutorial module underlying,514
514,PyCon US,2020-04-29,8,module underlying operating,740,13400,https://www.youtube.com/watch?v=vyOgWhwUmec,24988,module underlying operating,515
515,Abhishek Mishra,2018-10-20,2,underlying operating system,33,126,https://www.youtube.com/watch?v=OkNUKYLxpZU,3216,underlying operating system,516
516,PyCon Israel,2019-06-24,1,operating system functionality,53,1950,https://www.youtube.com/watch?v=7gvcNjBm6yI,3013,operating system functionality,517
517,Enterprise AI,2019-05-04,0,language learn simplilearn,35,1320,https://www.youtube.com/watch?v=JznDBeqS1lg,1527,language learn simplilearn,518
518,Krish Naik,2020-05-07,12,programming language know,760,374000,https://www.youtube.com/watch?v=MO5n5JaRotc,40749,programming language know,519
519,Rasa,2020-05-12,3,language know software,684,15800,https://www.youtube.com/watch?v=zMxvS7hD-Ug,20839,language know software,520
520,Gate Smashers,2019-05-16,59,know software engineer,3000,537000,https://www.youtube.com/watch?v=bPpwZxasJo0,128635,know software engineer,521
521,Import Data,2020-05-19,2,programming language faang,93,1550,https://www.youtube.com/watch?v=DgTG2Qg-x0k,3094,programming language faang,522
522,stanfordonline,2019-05-03,13,language faang google,1000,260000,https://www.youtube.com/watch?v=XXtpJxZBa2c,81110,language faang google,523
523,AI Coffee Break with Letitia,2020-07-05,7,faang google tech,596,4840,https://www.youtube.com/watch?v=FWFA4DGuzSc,15533,faang google tech,524
524,Google Developers,2020-06-16,6,google tech lead,350,2170000,https://www.youtube.com/watch?v=f5YJA5mQD5c,13857,google tech lead,525
525,Google Cloud Tech,2019-12-20,14,programming language techlead,354,727000,https://www.youtube.com/watch?v=ieaqfU1BwJ8,15264,programming language techlead,526
526,Rasa,2020-03-30,9,tell coding interview,800,15800,https://www.youtube.com/watch?v=KN3ZL65Dze0,19792,tell coding interview,527
527,Great Learning,,5,coding interview leetcode,161,405000,https://www.youtube.com/watch?v=xVpp1NBU-K8,6436,coding interview leetcode,528
528,AI with Ashok,2021-03-05,0,interview leetcode work,6,40,https://www.youtube.com/watch?v=f6oNHL-vKng,91,interview leetcode work,529
529,What's AI,2020-03-06,0,certification highest paying,18,16800,https://www.youtube.com/watch?v=_O41tuCTXWg,975,certification highest paying,530
530,KGP Talkie,2020-04-09,6,highest paying certification,338,33300,https://www.youtube.com/watch?v=VyDmQggfsZ0,12167,highest paying certification,531
531,SocialMiningAi,2020-08-14,0,paying certification best,3,12,https://www.youtube.com/watch?v=ZxwoVX5tblk,133,paying certification best,532
532,KGP Talkie,2020-02-15,17,certification best certification,552,33300,https://www.youtube.com/watch?v=9PoKellNrBc,26236,certification best certification,533
533,Great Learning,,5,best certification simplilearn,222,405000,https://www.youtube.com/watch?v=YB7XXDXIusg,7870,best certification simplilearn,534
534,Hackers Realm,2021-01-20,1,dying programming language,119,4100,https://www.youtube.com/watch?v=RLfUyn3HoaE,4960,dying programming language,535
535,MIT OpenCourseWare,2020-10-22,2,programming language clever,106,3070000,https://www.youtube.com/watch?v=IiD3YZkkCmE,8065,programming language clever,536
536,Lymba,2020-06-03,3,language clever programmer,118,139,https://www.youtube.com/watch?v=-aKYu6ebDLg,6137,language clever programmer,537
